ProviderID,Fraud
PRV55872,No
PRV54589,No
PRV54164,No
PRV54734,No
PRV55120,No
PRV54475,No
PRV54918,No
PRV52567,No
PRV56724,No
PRV54942,No
PRV53694,No
PRV55454,No
PRV56672,No
PRV53474,No
PRV54566,No
PRV55653,No
PRV56954,No
PRV51592,No
PRV56997,No
PRV57485,No
PRV56433,No
PRV55833,No
PRV51147,No
PRV54941,No
PRV54946,No
PRV54846,No
PRV57635,No
PRV51479,No
PRV55385,No
PRV55414,No
PRV53162,No
PRV53899,No
PRV54836,No
PRV55783,No
PRV51995,No
PRV56174,No
PRV52061,No
PRV56980,No
PRV55011,No
PRV54133,No
PRV57218,No
PRV53685,No
PRV56237,No
PRV53934,No
PRV53895,No
PRV56686,No
PRV55255,No
PRV57555,No
PRV55627,No
PRV52951,No
PRV57283,Yes
PRV51698,No
PRV55822,No
PRV57473,Yes
PRV51622,No
PRV54886,No
PRV56217,No
PRV55460,No
PRV52667,No
PRV51991,No
PRV51342,No
PRV54239,Yes
PRV53031,No
PRV57274,No
PRV56584,No
PRV54311,No
PRV53721,No
PRV57605,No
PRV56496,No
PRV55364,No
PRV54598,No
PRV54973,No
PRV54748,No
PRV57742,Yes
PRV53956,Yes
PRV55991,No
PRV56613,No
PRV57263,No
PRV51471,No
PRV52859,No
PRV51769,No
PRV57121,No
PRV53614,No
PRV55176,No
PRV57596,No
PRV53399,Yes
PRV51796,Yes
PRV55802,No
PRV53889,Yes
PRV52651,No
PRV57603,No
PRV56220,No
PRV54696,No
PRV55158,No
PRV56216,No
PRV57762,No
PRV51492,Yes
PRV51043,Yes
PRV53027,No
PRV56972,No
PRV52309,Yes
PRV56826,No
PRV51404,No
PRV51460,Yes
PRV57572,No
PRV53861,No
PRV51713,No
PRV51726,No
PRV57590,No
PRV57444,No
PRV54244,No
PRV51378,No
PRV52503,No
PRV53587,No
PRV52205,No
PRV51697,No
PRV52088,No
PRV56458,No
PRV54935,No
PRV57167,No
PRV53805,No
PRV53840,No
PRV53659,No
PRV57403,No
PRV55675,No
PRV53634,No
PRV52606,No
PRV56143,No
PRV56601,No
PRV55777,No
PRV56145,Yes
PRV53577,No
PRV55818,No
PRV53801,No
PRV55767,No
PRV52010,No
PRV57330,No
PRV55261,No
PRV52556,No
PRV57412,No
PRV56218,No
PRV53249,No
PRV53318,Yes
PRV52899,No
PRV57098,No
PRV55191,No
PRV52504,No
PRV52935,No
PRV57266,No
PRV56638,No
PRV56956,No
PRV51290,No
PRV57746,No
PRV51167,No
PRV56892,No
PRV51632,No
PRV56027,No
PRV55318,No
PRV55169,No
PRV56867,No
PRV54528,No
PRV57108,No
PRV55724,No
PRV53153,No
PRV55057,No
PRV51487,Yes
PRV55779,No
PRV52260,No
PRV53785,No
PRV54557,No
PRV54646,No
PRV56029,No
PRV55908,No
PRV55352,No
PRV56592,No
PRV53290,No
PRV51024,No
PRV57233,No
PRV51613,No
PRV54867,No
PRV51499,No
PRV51884,No
PRV51798,Yes
PRV57230,No
PRV55027,No
PRV54992,No
PRV51560,No
PRV54096,No
PRV52200,No
PRV51802,No
PRV53259,No
PRV52831,No
PRV52443,No
PRV52815,No
PRV52346,No
PRV51722,No
PRV56803,No
PRV51451,No
PRV54619,No
PRV52161,No
PRV56886,No
PRV53741,No
PRV55917,Yes
PRV54704,No
PRV52558,No
PRV57199,No
PRV51131,No
PRV56248,No
PRV54381,No
PRV52397,No
PRV55858,No
PRV53631,No
PRV55768,No
PRV57110,No
PRV55130,No
PRV52940,No
PRV52020,No
PRV55940,No
PRV53050,No
PRV53284,No
PRV53045,No
PRV53628,No
PRV51007,No
PRV55982,No
PRV53411,No
PRV52855,No
PRV56903,Yes
PRV55398,No
PRV51504,No
PRV54930,No
PRV52861,Yes
PRV53383,No
PRV56176,Yes
PRV56466,No
PRV53001,No
PRV51691,No
PRV54317,No
PRV57294,No
PRV51870,Yes
PRV53526,No
PRV52948,No
PRV51518,No
PRV55929,No
PRV56835,No
PRV54759,No
PRV57004,No
PRV53879,No
PRV54923,No
PRV52135,No
PRV57735,No
PRV52679,No
PRV56702,No
PRV56966,No
PRV56207,No
PRV57128,No
PRV55972,No
PRV55359,No
PRV52758,No
PRV53407,No
PRV53375,No
PRV56656,No
PRV51469,No
PRV56152,No
PRV56259,No
PRV57197,No
PRV52745,No
PRV57419,No
PRV55789,No
PRV54110,No
PRV53938,No
PRV51550,No
PRV54119,No
PRV56156,No
PRV56486,No
PRV54798,No
PRV54403,No
PRV54255,No
PRV53765,No
PRV51049,No
PRV54471,No
PRV53035,No
PRV52187,No
PRV53323,No
PRV51349,No
PRV56530,No
PRV52832,No
PRV51703,No
PRV52439,No
PRV51708,No
PRV57416,No
PRV53446,No
PRV54621,No
PRV52588,No
PRV52879,Yes
PRV53168,No
PRV54384,No
PRV55930,No
PRV51938,Yes
PRV52419,No
PRV51118,No
PRV54795,No
PRV56674,No
PRV55736,No
PRV55012,No
PRV54216,No
PRV55473,No
PRV57491,No
PRV56508,Yes
PRV51169,Yes
PRV54070,No
PRV54701,No
PRV57252,Yes
PRV57002,No
PRV56745,No
PRV53180,No
PRV56645,No
PRV52711,No
PRV51459,No
PRV53373,No
PRV53932,No
PRV51093,No
PRV53315,Yes
PRV54657,No
PRV55475,No
PRV54563,No
PRV51496,No
PRV54065,No
PRV56684,No
PRV52407,No
PRV51570,No
PRV51517,No
PRV54339,No
PRV52042,No
PRV56587,Yes
PRV52306,No
PRV55016,Yes
PRV52792,No
PRV52315,No
PRV54315,No
PRV51001,No
PRV53431,No
PRV55248,No
PRV52123,No
PRV51536,No
PRV57196,Yes
PRV56221,No
PRV53163,No
PRV55632,No
PRV55320,No
PRV53228,No
PRV51582,Yes
PRV56184,Yes
PRV52732,No
PRV51794,Yes
PRV55540,No
PRV53647,No
PRV54890,No
PRV52786,No
PRV55739,No
PRV53385,No
PRV56073,No
PRV54235,No
PRV51609,No
PRV52328,No
PRV51458,No
PRV52787,No
PRV51922,No
PRV57560,No
PRV56413,No
PRV56299,No
PRV54785,No
PRV53438,No
PRV57131,No
PRV51264,No
PRV52021,No
PRV54226,No
PRV54625,No
PRV55984,No
PRV51977,No
PRV52944,No
PRV53718,No
PRV52573,No
PRV51432,No
PRV51071,No
PRV53905,No
PRV51272,Yes
PRV55697,No
PRV56353,No
PRV57125,No
PRV56701,No
PRV52365,No
PRV57417,No
PRV55068,No
PRV51234,No
PRV54640,No
PRV52179,No
PRV54387,No
PRV55266,No
PRV52052,No
PRV51436,No
PRV54967,No
PRV55706,No
PRV57291,No
PRV51621,No
PRV56751,No
PRV56677,No
PRV55274,No
PRV56891,No
PRV55499,No
PRV51211,No
PRV55382,No
PRV51968,No
PRV51981,No
PRV56831,No
PRV51030,No
PRV54256,No
PRV52156,No
PRV57250,No
PRV57576,No
PRV54689,No
PRV51773,No
PRV52949,No
PRV56963,No
PRV57415,No
PRV54906,No
PRV51316,No
PRV56463,No
PRV55449,No
PRV53218,No
PRV54437,No
PRV53456,No
PRV56187,No
PRV51311,No
PRV56504,No
PRV52916,No
PRV52247,No
PRV53841,No
PRV51816,No
PRV56976,No
PRV57394,No
PRV51179,No
PRV55194,No
PRV53138,No
PRV52678,No
PRV51845,No
PRV57080,No
PRV52414,No
PRV55978,No
PRV51287,No
PRV54233,No
PRV51280,No
PRV54118,No
PRV53139,No
PRV54482,No
PRV56914,No
PRV51302,No
PRV54895,No
PRV53991,No
PRV51723,No
PRV57401,No
PRV55045,No
PRV53135,No
PRV53408,No
PRV52463,No
PRV55555,No
PRV57139,No
PRV51387,No
PRV54651,No
PRV51675,No
PRV55900,No
PRV52127,No
PRV55132,No
PRV52184,No
PRV54603,No
PRV54347,No
PRV53384,No
PRV52063,No
PRV52377,No
PRV54089,No
PRV54289,No
PRV54541,No
PRV53594,No
PRV55990,No
PRV55613,No
PRV56938,No
PRV51406,No
PRV51823,No
PRV52488,No
PRV52970,No
PRV51702,Yes
PRV54713,No
PRV55225,No
PRV56374,No
PRV57748,Yes
PRV52512,No
PRV53816,No
PRV52421,No
PRV51815,No
PRV54508,Yes
PRV57306,No
PRV56884,Yes
PRV51300,No
PRV52808,No
PRV56106,No
PRV55815,No
PRV55535,No
PRV53445,No
PRV56231,No
PRV52105,No
PRV51624,No
PRV51789,No
PRV55362,No
PRV51644,No
PRV57325,Yes
PRV57522,No
PRV55500,No
PRV53644,Yes
PRV55946,Yes
PRV56275,No
PRV51737,No
PRV53720,No
PRV52862,No
PRV51819,No
PRV54308,No
PRV54220,No
PRV51704,No
PRV55281,No
PRV56111,Yes
PRV54596,No
PRV54472,No
PRV55459,No
PRV54134,No
PRV52472,No
PRV52971,Yes
PRV51876,No
PRV52331,Yes
PRV52880,No
PRV54435,No
PRV56839,No
PRV53593,No
PRV53462,No
PRV51614,No
PRV51353,No
PRV57549,No
PRV56117,No
PRV55999,No
PRV56421,Yes
PRV51571,No
PRV56473,Yes
PRV53922,No
PRV56247,No
PRV56771,No
PRV57448,No
PRV55554,No
PRV53352,No
PRV54551,No
PRV53705,No
PRV54633,No
PRV56712,No
PRV51508,No
PRV53530,No
PRV55788,Yes
PRV52401,No
PRV55590,No
PRV51761,No
PRV57472,No
PRV52457,No
PRV56077,No
PRV54756,No
PRV57690,No
PRV53034,No
PRV56628,No
PRV55968,No
PRV53540,No
PRV51566,No
PRV57519,No
PRV57540,No
PRV52778,No
PRV54114,No
PRV53545,No
PRV55572,No
PRV55595,No
PRV54664,No
PRV54179,No
PRV57756,No
PRV53982,Yes
PRV54183,No
PRV57347,No
PRV53110,No
PRV55742,No
PRV55898,No
PRV52467,No
PRV53525,No
PRV56845,No
PRV53074,No
PRV52216,No
PRV52359,No
PRV56375,No
PRV52004,No
PRV55071,No
PRV57176,No
PRV57304,No
PRV54465,No
PRV54840,No
PRV53154,No
PRV57760,No
PRV53850,No
PRV53751,No
PRV56711,No
PRV53440,No
PRV57185,No
PRV55165,No
PRV55052,No
PRV56032,No
PRV52578,No
PRV51652,No
PRV53620,No
PRV51221,No
PRV57723,No
PRV55576,No
PRV56555,No
PRV56971,Yes
PRV53492,Yes
PRV53901,No
PRV55074,No
PRV56951,Yes
PRV51295,Yes
PRV57213,No
PRV52047,No
PRV54758,No
PRV52334,No
PRV53417,No
PRV51429,No
PRV51647,No
PRV55196,No
PRV54378,No
PRV57521,Yes
PRV51041,Yes
PRV52767,Yes
PRV54240,No
PRV51229,No
PRV55273,No
PRV57057,No
PRV54444,No
PRV55646,No
PRV53715,No
PRV52547,No
PRV54629,No
PRV57557,Yes
PRV54325,No
PRV54959,No
PRV53063,No
PRV53307,No
PRV56330,No
PRV56660,No
PRV53660,No
PRV51153,No
PRV51699,No
PRV51437,No
PRV51052,No
PRV53164,No
PRV57189,No
PRV54524,No
PRV57379,No
PRV52141,No
PRV52661,No
PRV57461,No
PRV57376,No
PRV57170,No
PRV51846,No
PRV51058,No
PRV56316,No
PRV53855,No
PRV51873,No
PRV54352,No
PRV54479,No
PRV55489,No
PRV53157,No
PRV55983,No
PRV53423,No
PRV51891,No
PRV55342,No
PRV52905,No
PRV54511,No
PRV55826,No
PRV51606,No
PRV54198,No
PRV54993,No
PRV52766,No
PRV51324,No
PRV56357,No
PRV56018,No
PRV55985,No
PRV55468,No
PRV56598,No
PRV57446,No
PRV53296,No
PRV51905,No
PRV57517,No
PRV52515,No
PRV52380,No
PRV52609,No
PRV53308,No
PRV52170,No
PRV51841,No
PRV53589,No
PRV56321,No
PRV54205,No
PRV57146,No
PRV54830,No
PRV55447,No
PRV52514,No
PRV52452,Yes
PRV55007,No
PRV52495,No
PRV54837,No
PRV51462,No
PRV55377,No
PRV57297,No
PRV53356,Yes
PRV56222,No
PRV53096,No
PRV56881,Yes
PRV53268,No
PRV51470,Yes
PRV54693,No
PRV51586,No
PRV52936,No
PRV57073,No
PRV51911,No
PRV57190,No
PRV53695,No
PRV56179,No
PRV57194,No
PRV52720,No
PRV56754,No
PRV51898,No
PRV51771,Yes
PRV53485,No
PRV52162,No
PRV51992,No
PRV55452,No
PRV51999,No
PRV52217,Yes
PRV55549,No
PRV57701,No
PRV54870,No
PRV54349,No
PRV53334,No
PRV51642,No
PRV54270,No
PRV52865,No
PRV56080,No
PRV57734,No
PRV52740,No
PRV52482,No
PRV55226,No
PRV54443,No
PRV52806,No
PRV53574,No
PRV56821,No
PRV51115,No
PRV56494,No
PRV56597,No
PRV54615,No
PRV51046,No
PRV52843,No
PRV51427,No
PRV52332,No
PRV56995,No
PRV57390,No
PRV51137,No
PRV54162,No
PRV54821,No
PRV54521,No
PRV51112,No
PRV53232,No
PRV53684,No
PRV54634,No
PRV57743,No
PRV57629,No
PRV54374,No
PRV54290,No
PRV53069,No
PRV53166,No
PRV53337,No
PRV55148,No
PRV54337,No
PRV53907,No
PRV51528,No
PRV54595,No
PRV54929,No
PRV52494,No
PRV54193,No
PRV54212,No
PRV54199,Yes
PRV52957,No
PRV53950,No
PRV53397,No
PRV56576,No
PRV53602,No
PRV54737,No
PRV51055,No
PRV55172,No
PRV56855,No
PRV53569,No
PRV57320,No
PRV54852,No
PRV51588,No
PRV52875,No
PRV55114,No
PRV53860,No
PRV51122,No
PRV54282,No
PRV51902,No
PRV52090,No
PRV53261,No
PRV54084,No
PRV53641,No
PRV53107,No
PRV51149,No
PRV54423,No
PRV52669,No
PRV54515,No
PRV57059,Yes
PRV54824,No
PRV53992,No
PRV52846,Yes
PRV54588,No
PRV56878,No
PRV51754,No
PRV55877,No
PRV57177,No
PRV52754,No
PRV56801,No
PRV55354,No
PRV54333,No
PRV51285,No
PRV56926,No
PRV53236,No
PRV52870,No
PRV51059,No
PRV53277,No
PRV57049,No
PRV54163,Yes
PRV54954,Yes
PRV55764,No
PRV55206,Yes
PRV55963,No
PRV57247,No
PRV55515,No
PRV52647,Yes
PRV52721,No
PRV51449,No
PRV51286,No
PRV57558,No
PRV53906,No
PRV52282,No
PRV51389,No
PRV54181,No
PRV51556,No
PRV52039,No
PRV51091,No
PRV53967,No
PRV51670,No
PRV52107,Yes
PRV51386,No
PRV57018,Yes
PRV51346,No
PRV54779,No
PRV51201,No
PRV55726,No
PRV51388,No
PRV56793,No
PRV52289,No
PRV56682,No
PRV52299,No
PRV51226,No
PRV52646,No
PRV57563,No
PRV56210,No
PRV53553,No
PRV55138,No
PRV53797,No
PRV55441,No
PRV55710,No
PRV56893,No
PRV54180,No
PRV57011,No
PRV52622,No
PRV55819,No
PRV51414,No
PRV51674,No
PRV52926,No
PRV56579,No
PRV53294,No
PRV57471,No
PRV56125,No
PRV55353,No
PRV51849,No
PRV54674,No
PRV55926,No
PRV51654,No
PRV55112,No
PRV53849,No
PRV55640,No
PRV56233,No
PRV55436,No
PRV54361,No
PRV57463,No
PRV56837,No
PRV55728,No
PRV56364,No
PRV53632,No
PRV54207,No
PRV51865,No
PRV51189,No
PRV52551,No
PRV54099,No
PRV53173,No
PRV53192,No
PRV52554,No
PRV55146,No
PRV52775,No
PRV53656,No
PRV52580,No
PRV53150,No
PRV52109,No
PRV57523,No
PRV52318,No
PRV54949,No
PRV56953,Yes
PRV56967,No
PRV55351,No
PRV54838,No
PRV51936,No
PRV57120,Yes
PRV51681,Yes
PRV57198,No
PRV51301,No
PRV54077,No
PRV54320,No
PRV55395,No
PRV54876,No
PRV57402,No
PRV54283,No
PRV55286,No
PRV55081,No
PRV56583,Yes
PRV54080,No
PRV51923,Yes
PRV51465,Yes
PRV53706,No
PRV55147,No
PRV55157,No
PRV56393,No
PRV52453,No
PRV56377,No
PRV53782,No
PRV53033,No
PRV56869,No
PRV55791,No
PRV53726,No
PRV55458,Yes
PRV54056,No
PRV53444,Yes
PRV51392,No
PRV56165,No
PRV56045,No
PRV53774,No
PRV54362,No
PRV54261,No
PRV55210,No
PRV51362,No
PRV55928,No
PRV54052,No
PRV52761,No
PRV56177,No
PRV52265,No
PRV56929,No
PRV51661,No
PRV51600,No
PRV54514,No
PRV54860,No
PRV56395,No
PRV55450,No
PRV52014,No
PRV57278,No
PRV54209,No
PRV54421,No
PRV55285,No
PRV56937,No
PRV56589,No
PRV57345,No
PRV55537,No
PRV52796,No
PRV57759,No
PRV51792,No
PRV54680,No
PRV51579,Yes
PRV52533,No
PRV57392,No
PRV56523,No
PRV56993,No
PRV55692,No
PRV57181,No
PRV56981,No
PRV55258,No
PRV51142,No
PRV55771,No
PRV51554,No
PRV52026,No
PRV54907,No
PRV57339,No
PRV54173,No
PRV53973,No
PRV52389,No
PRV56604,No
PRV52420,No
PRV53759,No
PRV53179,No
PRV53465,No
PRV51656,No
PRV57744,No
PRV53668,No
PRV56407,No
PRV52631,No
PRV54085,No
PRV55581,No
PRV51549,No
PRV54424,No
PRV56870,No
PRV57738,No
PRV57601,No
PRV51871,No
PRV55413,No
PRV53436,No
PRV56680,No
PRV55360,No
PRV55796,No
PRV57161,No
PRV55002,No
PRV53467,No
PRV55322,No
PRV55659,No
PRV52230,No
PRV54546,No
PRV57486,No
PRV51308,No
PRV51076,No
PRV55609,No
PRV52708,No
PRV51658,No
PRV54237,No
PRV52897,No
PRV54204,No
PRV51340,No
PRV54219,No
PRV55386,No
PRV56414,No
PRV54885,No
PRV57046,No
PRV54182,No
PRV57099,No
PRV55384,No
PRV56095,No
PRV51599,No
PRV56397,No
PRV56328,No
PRV57530,No
PRV53909,No
PRV57158,No
PRV51630,No
PRV52728,No
PRV57015,No
PRV52836,No
PRV51712,No
PRV56108,No
PRV51650,No
PRV54380,No
PRV53654,No
PRV55953,No
PRV55427,No
PRV52922,No
PRV51716,No
PRV56731,No
PRV55813,No
PRV57488,No
PRV51500,No
PRV57578,No
PRV54258,No
PRV56381,No
PRV53709,No
PRV56805,No
PRV54529,No
PRV51306,No
PRV51233,No
PRV56412,No
PRV57737,No
PRV54550,No
PRV57659,No
PRV54448,No
PRV52165,No
PRV56461,No
PRV57583,No
PRV56075,No
PRV54652,No
PRV54486,No
PRV56400,No
PRV51448,No
PRV57651,No
PRV51423,No
PRV52681,No
PRV52253,No
PRV52523,No
PRV52193,No
PRV54267,No
PRV51368,No
PRV54037,No
PRV52001,No
PRV52934,No
PRV53788,No
PRV57611,No
PRV56151,No
PRV54477,No
PRV53717,No
PRV55801,No
PRV55462,No
PRV52913,Yes
PRV54025,No
PRV56777,No
PRV54414,No
PRV54687,No
PRV55843,No
PRV54046,No
PRV54450,No
PRV51239,No
PRV57052,No
PRV55530,No
PRV53875,No
PRV51298,No
PRV55751,No
PRV53205,No
PRV53291,No
PRV51013,No
PRV56002,No
PRV53565,No
PRV52962,No
PRV53664,No
PRV54275,No
PRV55185,No
PRV57272,No
PRV57714,No
PRV55324,No
PRV56902,No
PRV55355,No
PRV54943,No
PRV51847,No
PRV53389,No
PRV52689,No
PRV54039,No
PRV55129,No
PRV51098,No
PRV54324,No
PRV55571,No
PRV53531,No
PRV56639,No
PRV57525,Yes
PRV54057,No
PRV52304,Yes
PRV57550,Yes
PRV55451,No
PRV57256,No
PRV55085,No
PRV52435,No
PRV57725,No
PRV56451,Yes
PRV56456,No
PRV52213,No
PRV53550,No
PRV53655,No
PRV54389,No
PRV52800,No
PRV54166,No
PRV54400,No
PRV52314,No
PRV54727,No
PRV51978,No
PRV51273,No
PRV51422,Yes
PRV55103,No
PRV53145,No
PRV51786,No
PRV51430,No
PRV54187,No
PRV54192,No
PRV56720,No
PRV52506,No
PRV54636,No
PRV54296,No
PRV54726,No
PRV54622,No
PRV56154,Yes
PRV57166,No
PRV55608,No
PRV56049,No
PRV55374,Yes
PRV53763,No
PRV53015,No
PRV54794,No
PRV55661,No
PRV56603,No
PRV54990,No
PRV52801,No
PRV57329,No
PRV51446,No
PRV55291,No
PRV57048,No
PRV51156,No
PRV56688,No
PRV54454,No
PRV57691,No
PRV51521,No
PRV55539,No
PRV51248,No
PRV53047,No
PRV57467,No
PRV56339,No
PRV55938,No
PRV51710,No
PRV53990,No
PRV54859,No
PRV57165,No
PRV51690,No
PRV53056,No
PRV55806,Yes
PRV52326,No
PRV51029,No
PRV53279,No
PRV52531,No
PRV51934,No
PRV56772,No
PRV55239,No
PRV52910,No
PRV52464,No
PRV51129,Yes
PRV56297,Yes
PRV57113,No
PRV56103,No
PRV57705,No
PRV54298,No
PRV57409,No
PRV54662,Yes
PRV54971,No
PRV53257,No
PRV52366,No
PRV56563,No
PRV53699,No
PRV51271,No
PRV54819,Yes
PRV51483,No
PRV55188,No
PRV57378,Yes
PRV56340,No
PRV55512,No
PRV56788,No
PRV51590,No
PRV55981,Yes
PRV51003,Yes
PRV54060,No
PRV52341,Yes
PRV54668,No
PRV51894,Yes
PRV51692,No
PRV56691,No
PRV53688,No
PRV55935,Yes
PRV52814,No
PRV56970,No
PRV52008,No
PRV53625,No
PRV56255,No
PRV56864,No
PRV54627,No
PRV53052,Yes
PRV52022,No
PRV52335,No
PRV54931,No
PRV54111,No
PRV55873,No
PRV56539,No
PRV51973,No
PRV51011,No
PRV52113,No
PRV54926,No
PRV55338,No
PRV57041,No
PRV56978,No
PRV56404,No
PRV53924,No
PRV54000,No
PRV54425,No
PRV52454,No
PRV57380,No
PRV52798,No
PRV56717,No
PRV54848,No
PRV53596,No
PRV53848,No
PRV53646,No
PRV52149,No
PRV56873,No
PRV55177,No
PRV54144,No
PRV57449,No
PRV53670,No
PRV55970,Yes
PRV54449,No
PRV52703,No
PRV51143,No
PRV51653,No
PRV52517,No
PRV51580,No
PRV57326,No
PRV52668,No
PRV54560,No
PRV51212,No
PRV52422,No
PRV51494,No
PRV51360,No
PRV54013,No
PRV53075,No
PRV56008,No
PRV54139,No
PRV52181,No
PRV52448,No
PRV52433,Yes
PRV54213,No
PRV53507,Yes
PRV55989,No
PRV56557,No
PRV51356,No
PRV55770,No
PRV54107,Yes
PRV53029,Yes
PRV51348,No
PRV55207,No
PRV51729,Yes
PRV52733,No
PRV52049,No
PRV51403,No
PRV53857,No
PRV53000,No
PRV51862,No
PRV52302,No
PRV52062,Yes
PRV57293,No
PRV51797,No
PRV54092,No
PRV51250,No
PRV51533,No
PRV52478,Yes
PRV54186,Yes
PRV55633,No
PRV57453,No
PRV51111,No
PRV54601,Yes
PRV53548,No
PRV52886,No
PRV56798,No
PRV56290,No
PRV51743,No
PRV51363,No
PRV51822,No
PRV51926,No
PRV56510,No
PRV57069,No
PRV54128,Yes
PRV57630,Yes
PRV52833,No
PRV57528,No
PRV52688,No
PRV57514,No
PRV54982,No
PRV56055,No
PRV53351,No
PRV52607,No
PRV53696,No
PRV57373,No
PRV52340,No
PRV52416,Yes
PRV55187,No
PRV52011,No
PRV52461,No
PRV55649,No
PRV54845,Yes
PRV51369,No
PRV52722,Yes
PRV56001,No
PRV54833,No
PRV54433,No
PRV57257,No
PRV57072,No
PRV57355,No
PRV54888,No
PRV55599,No
PRV57680,No
PRV52470,No
PRV57641,No
PRV57393,No
PRV57348,No
PRV54911,No
PRV53798,No
PRV56199,No
PRV54157,No
PRV53792,No
PRV55063,No
PRV55919,No
PRV52746,Yes
PRV51747,No
PRV53151,No
PRV52841,No
PRV54614,No
PRV55498,No
PRV52575,No
PRV51983,No
PRV53933,No
PRV54649,No
PRV51557,No
PRV56194,No
PRV57435,No
PRV53716,No
PRV55684,No
PRV52602,No
PRV51443,No
PRV57312,No
PRV52209,No
PRV52972,No
PRV52095,No
PRV54031,No
PRV51919,No
PRV56265,No
PRV52717,No
PRV55673,No
PRV55956,No
PRV52519,No
PRV52159,No
PRV54645,No
PRV53818,No
PRV55218,No
PRV53362,No
PRV51913,No
PRV52077,No
PRV52147,No
PRV53719,No
PRV54670,No
PRV51036,No
PRV52581,No
PRV57188,No
PRV51062,No
PRV51206,No
PRV51503,No
PRV55959,No
PRV57755,No
PRV51376,No
PRV56453,No
PRV53317,No
PRV53235,No
PRV57751,No
PRV54712,No
PRV57586,No
PRV52608,No
PRV56571,No
PRV54442,No
PRV52460,No
PRV51196,No
PRV55761,No
PRV52980,No
PRV55797,Yes
PRV52924,No
PRV54076,No
PRV56066,No
PRV53355,No
PRV56264,No
PRV52640,No
PRV51109,No
PRV55003,No
PRV52797,Yes
PRV55200,No
PRV57516,No
PRV52864,Yes
PRV56163,No
PRV52605,No
PRV57363,No
PRV56476,Yes
PRV53229,Yes
PRV57148,No
PRV51393,Yes
PRV55166,No
PRV53266,No
PRV54765,No
PRV56783,No
PRV57364,No
PRV52445,No
PRV57634,No
PRV51705,No
PRV57031,No
PRV51399,No
PRV53303,No
PRV56543,No
PRV56469,Yes
PRV52082,No
PRV55556,Yes
PRV51954,No
PRV56467,No
PRV55765,No
PRV51198,Yes
PRV51435,No
PRV56965,No
PRV53245,No
PRV52436,No
PRV52763,Yes
PRV55319,No
PRV52822,No
PRV51927,No
PRV57109,No
PRV55013,No
PRV52154,No
PRV52925,No
PRV56129,No
PRV51727,No
PRV53581,No
PRV57175,No
PRV51859,No
PRV56553,No
PRV56721,No
PRV54585,No
PRV51721,No
PRV52362,No
PRV52810,No
PRV53535,No
PRV52719,No
PRV53562,No
PRV54390,No
PRV57697,No
PRV54049,No
PRV54568,No
PRV51326,No
PRV54303,No
PRV53534,No
PRV55865,Yes
PRV53686,No
PRV54787,No
PRV57315,No
PRV55006,Yes
PRV55592,No
PRV55942,No
PRV52212,No
PRV53186,No
PRV54510,No
PRV55088,No
PRV57706,No
PRV56130,No
PRV51309,No
PRV55558,No
PRV55058,No
PRV55855,No
PRV53248,No
PRV51901,No
PRV53958,No
PRV52502,No
PRV53561,No
PRV57063,No
PRV51774,No
PRV57317,No
PRV57613,No
PRV51200,No
PRV57639,No
PRV57699,No
PRV57653,No
PRV57234,No
PRV52133,No
PRV52122,No
PRV51778,No
PRV57017,No
PRV51801,No
PRV52051,No
PRV57502,No
PRV53878,No
PRV52218,No
PRV55670,No
PRV51053,No
PRV55363,No
PRV53382,No
PRV55679,No
PRV52757,No
PRV56659,No
PRV51890,No
PRV51241,No
PRV52643,No
PRV55589,No
PRV53598,No
PRV56147,No
PRV55903,No
PRV53727,Yes
PRV52146,No
PRV54004,No
PRV54328,No
PRV55366,No
PRV56610,No
PRV56087,No
PRV54938,No
PRV53665,No
PRV57036,No
PRV55510,No
PRV53730,No
PRV54933,Yes
PRV55361,No
PRV54817,No
PRV54227,No
PRV52853,Yes
PRV57085,No
PRV56640,No
PRV54610,No
PRV55687,No
PRV51431,No
PRV53941,No
PRV51438,No
PRV55230,No
PRV52981,No
PRV56142,No
PRV52634,No
PRV53442,No
PRV55219,No
PRV56908,No
PRV53104,No
PRV54812,No
PRV54358,No
PRV52868,No
PRV52982,No
PRV54172,No
PRV56427,No
PRV56041,Yes
PRV52293,No
PRV56447,No
PRV54086,No
PRV56062,No
PRV57536,No
PRV52202,No
PRV57162,No
PRV57154,No
PRV55769,No
PRV53755,No
PRV51190,No
PRV53522,No
PRV54379,No
PRV56687,No
PRV53767,No
PRV56252,No
PRV55175,No
PRV56897,No
PRV51045,No
PRV57357,No
PRV52629,No
PRV54131,No
PRV55257,No
PRV57717,No
PRV54960,No
PRV53142,No
PRV52574,No
PRV52267,No
PRV53769,No
PRV56089,Yes
PRV56578,No
PRV55631,No
PRV54611,No
PRV57182,No
PRV53786,No
PRV57210,No
PRV55161,No
PRV55925,No
PRV53757,No
PRV51390,No
PRV56977,No
PRV52459,No
PRV52102,No
PRV53761,No
PRV54642,No
PRV55678,No
PRV51070,No
PRV53725,No
PRV54757,No
PRV53607,No
PRV52955,No
PRV52126,Yes
PRV56663,No
PRV54071,No
PRV57447,No
PRV56984,Yes
PRV52943,No
PRV52220,No
PRV55602,No
PRV56549,Yes
PRV53141,No
PRV53169,No
PRV53773,Yes
PRV52290,No
PRV52211,No
PRV51017,No
PRV51358,No
PRV51305,No
PRV57328,No
PRV54120,No
PRV54597,No
PRV54699,No
PRV55408,No
PRV52469,No
PRV53971,Yes
PRV55486,No
PRV54401,No
PRV53689,Yes
PRV51917,No
PRV53536,No
PRV53008,No
PRV53304,No
PRV57426,Yes
PRV56038,No
PRV56185,Yes
PRV51993,No
PRV56769,No
PRV54026,No
PRV53116,Yes
PRV51523,No
PRV52118,No
PRV53344,No
PRV57236,Yes
PRV53972,No
PRV52614,No
PRV53360,No
PRV55094,No
PRV57305,No
PRV51965,No
PRV53572,No
PRV57191,No
PRV57687,Yes
PRV56480,No
PRV53586,No
PRV55598,No
PRV51678,Yes
PRV51455,No
PRV55126,No
PRV56115,Yes
PRV51979,No
PRV52858,No
PRV55519,No
PRV51135,Yes
PRV51074,No
PRV55914,No
PRV53623,No
PRV52066,No
PRV57179,No
PRV55704,No
PRV57371,No
PRV53452,No
PRV55868,No
PRV56172,No
PRV55573,No
PRV55329,No
PRV55232,No
PRV51507,No
PRV53799,No
PRV57712,No
PRV55173,No
PRV57715,No
PRV53059,No
PRV51770,No
PRV52830,No
PRV51466,No
PRV52373,No
PRV54502,No
PRV56135,No
PRV52285,No
PRV55425,No
PRV52249,No
PRV57496,No
PRV57356,No
PRV53749,No
PRV53940,No
PRV55612,No
PRV52577,No
PRV51895,No
PRV55043,No
PRV53156,No
PRV52140,No
PRV57539,No
PRV55618,No
PRV51529,No
PRV55331,No
PRV53599,No
PRV54900,No
PRV55195,No
PRV52555,No
PRV56379,No
PRV56748,No
PRV57663,No
PRV53790,No
PRV55304,No
PRV54066,No
PRV56161,No
PRV54847,No
PRV55034,No
PRV51004,No
PRV53374,No
PRV52507,No
PRV51514,No
PRV53511,No
PRV55446,No
PRV57711,No
PRV55586,No
PRV57400,No
PRV56746,No
PRV52747,No
PRV53740,No
PRV53703,No
PRV51434,No
PRV54313,No
PRV51780,No
PRV54507,No
PRV55920,No
PRV56509,No
PRV55456,No
PRV57171,No
PRV56249,No
PRV54028,No
PRV51820,No
PRV52931,No
PRV51108,No
PRV56696,Yes
PRV56969,Yes
PRV51166,No
PRV55123,No
PRV56274,No
PRV53710,No
PRV52828,No
PRV51042,No
PRV51640,Yes
PRV57224,No
PRV55095,No
PRV57454,No
PRV56689,No
PRV52564,No
PRV53921,No
PRV53121,No
PRV51315,No
PRV51467,No
PRV51872,No
PRV54489,No
PRV57136,No
PRV51583,No
PRV56071,No
PRV56369,No
PRV51297,No
PRV54402,No
PRV57625,No
PRV54773,Yes
PRV52054,No
PRV57499,No
PRV54542,Yes
PRV53817,No
PRV56846,No
PRV55134,No
PRV55145,No
PRV51943,No
PRV56667,No
PRV56050,No
PRV57399,No
PRV51408,No
PRV56052,No
PRV57544,No
PRV55657,No
PRV55053,Yes
PRV55705,No
PRV54576,No
PRV51826,Yes
PRV52233,No
PRV52645,No
PRV51152,No
PRV54653,No
PRV56960,No
PRV53437,Yes
PRV56811,No
PRV51026,No
PRV57573,No
PRV53846,No
PRV53539,No
PRV52446,No
PRV52176,No
PRV52300,No
PRV52483,No
PRV55208,No
PRV57436,No
PRV51214,No
PRV55443,No
PRV57674,No
PRV53416,No
PRV54064,No
PRV51477,No
PRV52850,No
PRV51218,No
PRV54034,No
PRV55152,No
PRV57043,No
PRV55279,No
PRV52214,No
PRV54146,No
PRV54373,No
PRV52384,No
PRV51484,No
PRV55087,No
PRV54150,No
PRV55432,No
PRV51242,No
PRV51637,No
PRV52636,No
PRV52958,No
PRV54767,No
PRV53409,No
PRV56394,No
PRV57235,No
PRV56012,No
PRV57456,No
PRV53779,No
PRV56157,No
PRV57616,No
PRV51410,No
PRV54033,No
PRV55617,No
PRV53043,No
PRV52896,No
PRV52046,No
PRV51415,No
PRV54985,No
PRV57000,No
PRV51946,No
PRV56515,No
PRV53633,No
PRV57119,No
PRV51281,No
PRV53125,No
PRV57335,No
PRV51805,No
PRV55541,No
PRV51064,Yes
PRV55852,No
PRV51950,No
PRV53204,Yes
PRV53212,Yes
PRV56291,No
PRV55104,No
PRV55453,No
PRV55492,No
PRV56005,No
PRV51134,No
PRV51235,No
PRV55905,No
PRV54500,No
PRV56879,No
PRV54976,No
PRV51139,No
PRV56148,No
PRV54975,No
PRV52687,No
PRV51576,No
PRV57709,No
PRV51673,Yes
PRV55937,Yes
PRV53026,No
PRV51718,No
PRV51476,No
PRV54372,Yes
PRV57411,No
PRV51607,No
PRV51821,No
PRV53935,No
PRV57481,No
PRV57200,No
PRV57619,No
PRV54011,Yes
PRV55688,No
PRV53494,No
PRV57431,No
PRV57515,Yes
PRV56511,No
PRV52673,No
PRV56376,No
PRV57443,No
PRV51442,No
PRV55901,No
PRV54660,No
PRV52393,No
PRV57016,No
PRV56225,No
PRV52714,No
PRV55220,No
PRV53224,No
PRV54889,No
PRV56989,No
PRV55348,No
PRV55620,No
PRV53321,No
PRV54638,No
PRV54630,No
PRV54932,Yes
PRV56920,No
PRV54623,No
PRV52357,No
PRV55323,No
PRV53490,No
PRV53247,No
PRV54986,No
PRV51016,No
PRV57211,No
PRV53701,No
PRV54416,No
PRV55830,Yes
PRV51596,No
PRV53371,Yes
PRV54203,Yes
PRV52904,No
PRV55345,No
PRV52408,No
PRV53253,No
PRV52627,No
PRV51758,No
PRV54904,No
PRV51171,No
PRV53244,No
PRV57427,No
PRV52148,No
PRV55467,No
PRV54790,Yes
PRV54093,No
PRV56444,No
PRV56441,Yes
PRV57495,Yes
PRV56482,No
PRV56856,No
PRV51915,No
PRV55918,Yes
PRV56361,No
PRV55300,No
PRV53649,Yes
PRV53335,No
PRV53028,No
PRV56405,No
PRV53071,Yes
PRV56833,No
PRV53424,No
PRV53859,No
PRV55038,No
PRV56909,No
PRV54413,No
PRV51551,No
PRV57490,No
PRV57624,No
PRV53136,No
PRV51159,No
PRV53246,No
PRV51906,No
PRV55463,No
PRV53072,No
PRV57694,Yes
PRV54934,No
PRV55927,No
PRV56693,No
PRV56349,No
PRV54420,No
PRV54116,No
PRV54739,No
PRV51593,No
PRV53276,No
PRV53839,No
PRV57655,Yes
PRV54675,No
PRV54014,No
PRV54456,Yes
PRV52188,No
PRV57731,No
PRV53216,No
PRV52396,Yes
PRV52281,No
PRV54682,No
PRV53049,No
PRV53379,Yes
PRV55387,No
PRV56126,No
PRV56816,No
PRV54257,No
PRV53499,Yes
PRV57440,No
PRV52056,No
PRV57386,No
PRV57675,No
PRV53108,No
PRV57255,No
PRV55108,No
PRV53042,No
PRV56901,No
PRV56635,No
PRV53127,No
PRV55955,No
PRV53910,No
PRV55026,No
PRV53398,No
PRV51840,No
PRV55839,No
PRV56168,No
PRV57408,No
PRV51474,No
PRV51806,No
PRV53873,No
PRV51824,Yes
PRV54168,Yes
PRV51097,No
PRV53109,No
PRV54832,Yes
PRV53087,No
PRV53796,Yes
PRV53194,No
PRV53251,No
PRV55341,No
PRV53091,No
PRV51921,No
PRV53675,No
PRV51035,No
PRV54735,No
PRV57667,No
PRV55623,No
PRV53997,Yes
PRV53242,Yes
PRV52264,Yes
PRV52358,No
PRV52492,No
PRV57761,No
PRV54158,No
PRV57741,No
PRV57645,No
PRV51084,No
PRV51505,No
PRV54879,No
PRV51706,No
PRV51766,No
PRV56602,No
PRV54238,No
PRV52468,No
PRV51864,No
PRV53340,No
PRV53182,Yes
PRV51155,No
PRV55404,No
PRV54481,No
PRV57251,Yes
PRV53148,No
PRV53985,No
PRV52599,Yes
PRV54278,No
PRV51293,Yes
PRV53240,No
PRV52474,Yes
PRV57021,No
PRV52197,No
PRV52914,Yes
PRV53827,No
PRV57391,No
PRV55902,Yes
PRV51888,No
PRV51620,Yes
PRV53439,No
PRV52075,No
PRV52303,No
PRV52804,No
PRV56535,No
PRV53915,No
PRV53917,Yes
PRV53114,Yes
PRV56418,No
PRV55198,No
PRV51569,Yes
PRV54604,No
PRV51008,No
PRV53585,No
PRV51617,No
PRV52700,Yes
PRV57462,No
PRV51267,No
PRV56387,No
PRV52456,No
PRV55511,No
PRV52231,No
PRV55574,No
PRV52764,No
PRV56040,No
PRV57244,No
PRV56852,No
PRV55910,No
PRV52583,No
PRV52978,No
PRV56139,Yes
PRV52839,No
PRV52696,No
PRV52387,No
PRV51261,No
PRV55106,No
PRV55455,No
PRV57102,No
PRV54490,Yes
PRV52869,No
PRV56260,No
PRV55731,No
PRV52572,No
PRV53961,No
PRV56774,Yes
PRV56425,No
PRV54359,No
PRV56344,No
PRV57129,Yes
PRV55497,No
PRV54302,No
PRV57460,No
PRV54924,No
PRV53489,Yes
PRV51552,Yes
PRV52081,Yes
PRV54814,No
PRV55298,No
PRV53923,No
PRV51217,Yes
PRV57157,No
PRV51328,No
PRV51541,Yes
PRV53441,No
PRV51574,No
PRV51396,Yes
PRV56733,No
PRV56392,No
PRV54966,No
PRV54685,No
PRV55182,Yes
PRV55423,No
PRV51604,No
PRV55305,No
PRV57091,No
PRV52175,No
PRV52653,No
PRV53300,Yes
PRV51974,Yes
PRV56442,No
PRV51048,No
PRV56996,No
PRV57327,No
PRV57632,No
PRV56068,No
PRV54391,Yes
PRV52598,No
PRV51491,No
PRV52528,No
PRV55116,No
PRV53476,No
PRV54041,No
PRV56202,No
PRV54587,No
PRV54091,No
PRV55911,No
PRV54805,No
PRV57093,No
PRV54743,No
PRV52663,No
PRV57404,No
PRV55368,No
PRV51877,No
PRV55302,No
PRV52409,No
PRV56512,No
PRV51746,No
PRV52912,No
PRV53378,No
PRV53677,No
PRV57067,No
PRV54215,No
PRV53643,No
PRV53129,No
PRV51292,No
PRV54225,No
PRV53258,No
PRV56522,No
PRV52901,No
PRV52783,No
PRV52221,No
PRV56760,No
PRV53167,No
PRV55862,No
PRV54717,No
PRV56935,No
PRV53172,No
PRV55842,No
PRV54673,No
PRV54855,No
PRV55974,No
PRV54383,No
PRV52532,No
PRV56141,No
PRV55933,No
PRV56484,No
PRV57662,No
PRV55160,No
PRV52129,No
PRV56003,No
PRV55867,No
PRV55810,No
PRV55029,No
PRV53486,No
PRV53482,No
PRV53842,No
PRV57295,No
PRV56351,No
PRV55469,No
PRV57058,No
PRV51252,No
PRV51497,No
PRV56554,No
PRV57033,No
PRV56932,No
PRV52985,Yes
PRV55885,No
PRV57340,No
PRV51351,No
PRV55156,No
PRV55596,No
PRV51082,No
PRV55143,No
PRV52497,No
PRV55996,No
PRV56525,No
PRV55048,No
PRV53255,No
PRV51976,Yes
PRV52686,No
PRV52323,Yes
PRV57332,No
PRV54452,No
PRV51191,No
PRV55859,No
PRV57388,Yes
PRV55111,Yes
PRV53119,No
PRV52128,No
PRV52553,No
PRV51852,No
PRV52642,No
PRV52584,No
PRV55122,No
PRV52990,No
PRV56541,No
PRV53401,No
PRV56401,No
PRV56537,No
PRV54893,No
PRV54945,No
PRV51628,No
PRV55495,No
PRV52702,No
PRV56590,Yes
PRV52288,Yes
PRV51960,Yes
PRV53453,No
PRV53054,No
PRV52837,No
PRV52907,No
PRV56159,No
PRV53176,No
PRV56206,No
PRV52089,No
PRV53680,No
PRV53120,No
PRV55834,Yes
PRV51909,No
PRV55743,No
PRV55181,No
PRV54478,No
PRV57585,Yes
PRV55528,No
PRV51228,No
PRV56415,No
PRV54577,No
PRV53949,No
PRV54970,Yes
PRV54891,No
PRV54269,No
PRV52890,No
PRV55948,Yes
PRV54877,No
PRV52471,No
PRV57269,No
PRV54075,No
PRV54102,No
PRV57728,No
PRV57688,No
PRV57159,No
PRV56335,No
PRV56857,No
PRV57062,No
PRV56060,No
PRV52100,No
PRV53202,No
PRV52938,No
PRV52818,No
PRV52009,Yes
PRV52240,No
PRV56373,No
PRV51830,No
PRV51809,No
PRV57507,No
PRV54590,No
PRV53519,No
PRV56889,No
PRV54415,No
PRV55763,No
PRV56219,No
PRV51138,No
PRV51972,No
PRV53106,Yes
PRV55909,No
PRV52593,No
PRV54295,No
PRV52222,No
PRV55426,No
PRV57571,No
PRV57542,No
PRV51868,No
PRV56605,No
PRV53787,No
PRV52313,No
PRV51931,No
PRV56109,No
PRV53658,No
PRV56819,No
PRV56764,No
PRV51066,No
PRV54201,No
PRV57285,No
PRV52772,No
PRV51204,No
PRV54697,No
PRV56076,No
PRV56818,No
PRV55442,No
PRV54616,No
PRV55330,No
PRV54569,No
PRV53510,No
PRV54206,No
PRV53313,No
PRV57280,No
PRV51947,No
PRV53588,No
PRV55600,No
PRV51755,No
PRV56607,No
PRV54461,No
PRV54356,No
PRV52403,No
PRV55036,No
PRV54783,No
PRV57599,No
PRV57584,No
PRV51433,No
PRV54259,No
PRV56654,No
PRV51759,No
PRV57038,No
PRV51764,No
PRV51027,No
PRV55569,No
PRV55514,No
PRV56586,No
PRV52891,No
PRV56538,No
PRV56895,No
PRV53297,No
PRV51209,No
PRV52279,No
PRV52511,No
PRV55024,No
PRV52256,No
PRV56300,No
PRV55714,No
PRV57455,No
PRV56718,No
PRV52919,No
PRV51848,No
PRV51918,No
PRV54939,No
PRV57241,No
PRV56540,No
PRV56681,No
PRV52115,No
PRV55167,No
PRV51132,No
PRV51595,No
PRV55067,No
PRV52024,No
PRV55778,Yes
PRV52887,Yes
PRV52950,No
PRV55538,No
PRV56311,No
PRV52473,No
PRV56398,No
PRV51421,No
PRV56355,No
PRV55832,No
PRV53078,No
PRV54573,No
PRV54875,No
PRV53282,No
PRV54580,No
PRV52320,No
PRV55723,No
PRV54473,No
PRV57561,No
PRV56234,No
PRV54661,No
PRV53894,No
PRV54862,No
PRV53342,No
PRV53293,No
PRV55980,No
PRV55931,No
PRV51916,No
PRV55098,No
PRV53361,No
PRV52725,No
PRV57286,No
PRV51742,No
PRV55340,No
PRV53618,No
PRV54678,No
PRV53090,No
PRV54429,No
PRV52450,No
PRV54224,No
PRV53133,No
PRV52238,No
PRV55641,No
PRV57367,Yes
PRV57438,No
PRV56582,No
PRV53605,Yes
PRV52540,No
PRV55753,Yes
PRV53896,No
PRV55683,Yes
PRV55435,No
PRV54242,No
PRV51611,No
PRV51231,No
PRV51350,No
PRV53733,Yes
PRV53320,No
PRV51366,No
PRV53336,No
PRV57126,No
PRV54981,No
PRV55037,No
PRV56809,No
PRV56853,No
PRV55483,Yes
PRV55411,No
PRV53704,No
PRV57758,No
PRV55140,No
PRV55213,No
PRV54608,No
PRV56438,Yes
PRV54090,No
PRV56358,No
PRV54905,No
PRV55121,Yes
PRV55005,No
PRV52773,No
PRV55307,No
PRV52920,No
PRV56668,Yes
PRV54200,No
PRV57358,No
PRV53256,No
PRV56964,No
PRV51961,No
PRV57489,No
PRV51996,No
PRV51025,Yes
PRV55004,Yes
PRV54285,No
PRV51288,No
PRV52087,No
PRV51425,No
PRV56348,No
PRV52666,Yes
PRV56337,No
PRV52873,No
PRV54250,Yes
PRV51296,Yes
PRV57105,No
PRV53504,No
PRV54841,No
PRV54887,No
PRV57710,No
PRV54310,No
PRV54927,No
PRV54681,Yes
PRV56268,No
PRV55431,No
PRV52741,Yes
PRV54747,No
PRV54305,No
PRV56526,No
PRV56013,No
PRV52425,Yes
PRV52343,No
PRV57658,No
PRV52989,No
PRV52671,Yes
PRV55820,No
PRV52074,No
PRV51929,No
PRV57660,No
PRV51067,No
PRV53563,No
PRV52816,No
PRV57529,No
PRV56306,Yes
PRV53100,No
PRV53226,No
PRV56105,No
PRV54127,No
PRV54160,No
PRV55958,No
PRV55950,No
PRV54953,No
PRV53388,No
PRV51178,No
PRV54506,No
PRV54878,No
PRV52548,Yes
PRV55077,No
PRV52742,No
PRV57132,No
PRV55748,No
PRV51439,No
PRV55416,No
PRV51558,No
PRV54866,No
PRV51468,No
PRV51752,No
PRV55752,No
PRV51274,No
PRV53820,No
PRV56556,No
PRV52715,No
PRV53161,No
PRV54426,No
PRV55049,No
PRV51897,No
PRV55848,No
PRV52098,No
PRV51693,No
PRV52298,No
PRV51057,No
PRV54842,No
PRV57053,No
PRV52206,No
PRV55886,No
PRV51480,No
PRV53506,No
PRV55552,No
PRV56279,No
PRV52530,No
PRV52738,No
PRV54284,No
PRV54995,No
PRV55471,No
PRV52199,No
PRV53147,No
PRV56930,No
PRV57173,No
PRV57504,No
PRV55637,No
PRV53432,No
PRV52895,No
PRV57595,No
PRV56580,No
PRV54392,No
PRV52662,No
PRV54330,No
PRV55433,No
PRV56440,No
PRV57156,No
PRV56474,No
PRV55337,No
PRV53824,No
PRV57673,No
PRV56625,No
PRV56974,No
PRV53325,No
PRV54676,No
PRV54407,No
PRV56533,No
PRV51331,No
PRV51964,No
PRV53002,No
PRV56448,No
PRV51068,No
PRV56882,No
PRV52690,No
PRV55800,No
PRV57168,No
PRV53262,No
PRV51181,No
PRV53918,No
PRV55916,No
PRV57465,No
PRV57336,No
PRV51380,No
PRV54297,No
PRV56417,No
PRV57324,No
PRV55189,No
PRV55397,No
PRV54441,No
PRV53939,No
PRV53995,No
PRV51740,No
PRV51352,No
PRV56917,No
PRV51247,No
PRV56796,No
PRV51887,Yes
PRV57359,No
PRV55807,No
PRV51418,No
PRV55570,No
PRV52399,No
PRV53211,No
PRV57450,No
PRV56741,Yes
PRV56710,No
PRV56193,Yes
PRV56933,No
PRV57627,Yes
PRV55547,No
PRV56083,No
PRV55642,Yes
PRV53920,No
PRV56046,No
PRV54558,No
PRV57398,No
PRV51892,No
PRV51265,No
PRV51879,No
PRV56134,No
PRV52768,No
PRV51038,Yes
PRV51636,No
PRV53076,No
PRV52893,No
PRV51818,No
PRV53547,No
PRV53836,No
PRV57240,No
PRV57303,No
PRV51222,No
PRV51336,No
PRV53621,No
PRV56213,No
PRV57192,No
PRV54030,No
PRV51136,No
PRV51312,No
PRV56140,No
PRV56406,No
PRV57261,No
PRV54113,Yes
PRV52493,No
PRV57134,No
PRV54571,No
PRV57138,No
PRV56637,No
PRV52204,No
PRV52615,No
PRV53845,No
PRV52676,No
PRV55137,No
PRV52031,No
PRV54132,No
PRV52431,No
PRV51707,No
PRV56912,No
PRV56885,No
PRV55333,No
PRV51081,No
PRV52236,No
PRV54411,No
PRV55141,No
PRV53222,No
PRV52455,No
PRV54350,No
PRV55591,No
PRV52539,No
PRV54774,No
PRV55821,No
PRV55786,No
PRV56241,No
PRV54431,No
PRV56101,No
PRV55062,No
PRV55727,No
PRV52559,No
PRV57413,No
PRV57652,No
PRV55183,No
PRV52311,No
PRV53230,No
PRV57259,No
PRV52698,No
PRV55390,No
PRV54345,No
PRV56048,No
PRV53868,No
PRV56923,No
PRV57208,No
PRV54582,No
PRV51194,No
PRV54639,No
PRV54098,No
PRV54382,No
PRV51564,No
PRV55584,No
PRV54799,No
PRV51875,No
PRV52760,No
PRV55667,No
PRV55254,No
PRV55816,No
PRV52227,No
PRV51453,No
PRV52195,No
PRV53912,No
PRV56432,No
PRV54176,No
PRV54343,No
PRV55578,No
PRV54628,No
PRV54808,No
PRV55480,No
PRV57650,No
PRV57088,No
PRV55579,No
PRV53055,No
PRV55871,No
PRV53806,No
PRV53177,No
PRV52529,No
PRV55276,No
PRV57479,No
PRV53734,Yes
PRV53678,No
PRV51542,No
PRV54983,No
PRV56090,No
PRV52562,No
PRV57581,No
PRV52826,No
PRV57207,No
PRV51720,Yes
PRV55155,No
PRV51344,No
PRV54142,No
PRV56531,No
PRV52224,No
PRV56559,No
PRV51202,No
PRV56973,No
PRV54545,Yes
PRV54355,No
PRV55766,No
PRV52242,No
PRV55032,Yes
PRV51924,No
PRV51114,No
PRV54140,No
PRV55091,No
PRV54691,Yes
PRV54121,No
PRV51990,No
PRV55699,Yes
PRV56269,No
PRV57288,No
PRV51751,No
PRV52628,No
PRV51089,No
PRV54683,No
PRV51860,No
PRV56507,No
PRV54522,No
PRV55896,No
PRV52017,No
PRV54593,No
PRV55622,No
PRV54710,No
PRV57501,No
PRV51104,No
PRV54326,No
PRV52356,No
PRV57397,No
PRV56708,No
PRV55072,No
PRV53175,No
PRV54537,No
PRV52695,No
PRV57389,No
PRV56190,No
PRV53566,No
PRV56391,No
PRV51827,No
PRV55344,No
PRV56307,No
PRV54194,No
PRV53265,Yes
PRV53832,Yes
PRV54730,Yes
PRV57567,Yes
PRV53283,No
PRV56267,No
PRV53887,No
PRV52348,No
PRV57434,No
PRV54707,No
PRV52727,Yes
PRV52630,No
PRV53885,No
PRV51083,No
PRV51090,No
PRV52535,No
PRV54300,Yes
PRV54896,Yes
PRV55785,Yes
PRV55150,Yes
PRV53590,No
PRV53099,No
PRV53611,No
PRV53673,No
PRV53692,No
PRV53911,No
PRV56384,No
PRV51626,No
PRV57740,No
PRV53667,No
PRV53171,No
PRV52748,No
PRV55513,No
PRV55709,No
PRV51416,No
PRV56378,Yes
PRV57074,No
PRV51833,No
PRV57752,No
PRV52986,No
PRV52724,No
PRV53197,No
PRV56238,No
PRV54523,No
PRV52638,No
PRV55717,No
PRV56380,No
PRV54232,No
PRV57117,No
PRV52059,No
PRV53681,Yes
PRV57149,No
PRV53221,No
PRV52485,No
PRV51765,Yes
PRV54048,No
PRV55209,Yes
PRV55891,No
PRV52782,No
PRV54404,No
PRV52932,No
PRV55814,No
PRV51812,No
PRV54059,No
PRV55501,Yes
PRV53986,No
PRV52171,No
PRV56575,Yes
PRV51685,No
PRV51219,No
PRV53627,No
PRV54363,No
PRV56104,No
PRV56261,No
PRV54483,No
PRV51394,No
PRV52917,No
PRV56789,No
PRV55439,No
PRV55231,No
PRV53772,No
PRV57724,Yes
PRV54156,No
PRV53900,No
PRV52658,No
PRV51567,No
PRV57532,No
PRV54509,No
PRV52753,No
PRV55666,No
PRV56550,Yes
PRV57492,Yes
PRV54222,No
PRV56860,Yes
PRV55309,Yes
PRV55110,No
PRV54854,No
PRV55895,No
PRV53402,No
PRV51942,No
PRV57318,No
PRV55525,No
PRV54124,No
PRV53651,No
PRV53952,Yes
PRV57678,No
PRV52903,No
PRV51154,No
PRV52674,No
PRV55193,No
PRV54644,No
PRV53609,No
PRV56426,No
PRV57372,No
PRV56524,No
PRV57747,No
PRV52785,No
PRV51341,No
PRV53260,No
PRV53844,No
PRV56608,No
PRV52451,No
PRV55293,No
PRV55883,No
PRV52163,No
PRV53821,No
PRV54977,No
PRV53629,No
PRV55358,No
PRV51634,No
PRV54496,No
PRV51562,No
PRV51486,No
PRV52611,No
PRV56208,No
PRV55639,No
PRV56354,No
PRV56813,No
PRV56767,No
PRV53188,No
PRV52196,No
PRV56630,No
PRV54868,No
PRV54336,No
PRV53662,No
PRV57718,No
PRV51002,No
PRV51006,No
PRV51009,No
PRV51010,No
PRV51018,No
PRV51019,No
PRV51020,No
PRV51022,No
PRV51028,No
PRV51033,No
PRV51034,No
PRV51039,No
PRV51050,No
PRV51051,No
PRV51069,No
PRV51073,No
PRV51079,No
PRV51080,No
PRV51085,No
PRV51087,No
PRV51088,Yes
PRV51092,Yes
PRV51094,No
PRV51095,No
PRV51099,No
PRV51106,No
PRV51107,No
PRV51116,No
PRV51124,No
PRV51127,No
PRV51133,No
PRV51150,No
PRV51157,No
PRV51158,No
PRV51161,No
PRV51162,No
PRV51163,No
PRV51172,No
PRV51174,No
PRV51177,No
PRV51182,No
PRV51184,No
PRV51187,No
PRV51188,No
PRV51192,No
PRV51193,Yes
PRV51195,No
PRV51197,No
PRV51199,No
PRV51208,No
PRV51220,No
PRV51223,No
PRV51227,No
PRV51246,No
PRV51254,No
PRV51257,No
PRV51268,No
PRV51269,No
PRV51270,No
PRV51275,No
PRV51278,No
PRV51283,No
PRV51291,No
PRV51294,No
PRV51310,No
PRV51317,No
PRV51319,No
PRV51320,No
PRV51321,Yes
PRV51332,No
PRV51333,No
PRV51339,No
PRV51343,No
PRV51359,No
PRV51365,No
PRV51367,No
PRV51370,No
PRV51372,No
PRV51373,No
PRV51374,No
PRV51375,No
PRV51381,No
PRV51384,No
PRV51385,No
PRV51400,No
PRV51402,No
PRV51407,No
PRV51411,No
PRV51413,No
PRV51417,No
PRV51420,No
PRV51445,No
PRV51450,No
PRV51452,No
PRV51457,No
PRV51461,No
PRV51463,No
PRV51473,No
PRV51481,No
PRV51485,No
PRV51489,No
PRV51493,No
PRV51498,No
PRV51506,No
PRV51512,No
PRV51513,No
PRV51519,No
PRV51520,No
PRV51524,No
PRV51530,No
PRV51537,No
PRV51538,No
PRV51543,No
PRV51545,No
PRV51548,No
PRV51559,No
PRV51561,No
PRV51565,No
PRV51575,Yes
PRV51581,No
PRV51589,No
PRV51591,No
PRV51594,Yes
PRV51597,No
PRV51603,No
PRV51615,No
PRV51633,No
PRV51643,No
PRV51646,No
PRV51648,No
PRV51649,No
PRV51651,No
PRV51659,No
PRV51662,No
PRV51663,No
PRV51667,No
PRV51677,No
PRV51680,Yes
PRV51683,No
PRV51684,No
PRV51686,Yes
PRV51700,No
PRV51701,No
PRV51714,Yes
PRV51717,No
PRV51728,Yes
PRV51730,No
PRV51756,No
PRV51757,No
PRV51760,No
PRV51768,No
PRV51772,No
PRV51777,No
PRV51782,No
PRV51783,Yes
PRV51785,No
PRV51791,No
PRV51800,No
PRV51804,No
PRV51808,No
PRV51814,No
PRV51817,No
PRV51825,No
PRV51832,No
PRV51834,No
PRV51835,No
PRV51839,No
PRV51844,No
PRV51850,No
PRV51853,No
PRV51854,No
PRV51866,No
PRV51880,No
PRV51881,No
PRV51882,No
PRV51883,No
PRV51893,No
PRV51900,No
PRV51903,No
PRV51904,No
PRV51907,No
PRV51912,No
PRV51939,No
PRV51945,No
PRV51953,No
PRV51955,No
PRV51962,No
PRV51971,No
PRV51975,No
PRV51980,No
PRV51982,No
PRV51985,No
PRV51986,No
PRV51997,No
PRV52000,No
PRV52005,No
PRV52006,No
PRV52015,No
PRV52016,No
PRV52018,No
PRV52023,No
PRV52033,No
PRV52034,No
PRV52035,No
PRV52036,No
PRV52040,No
PRV52043,No
PRV52050,No
PRV52053,No
PRV52060,No
PRV52067,No
PRV52070,No
PRV52078,No
PRV52080,No
PRV52083,No
PRV52086,No
PRV52091,No
PRV52093,No
PRV52096,No
PRV52103,No
PRV52106,No
PRV52108,No
PRV52110,Yes
PRV52116,No
PRV52117,No
PRV52125,No
PRV52132,No
PRV52134,No
PRV52137,No
PRV52139,No
PRV52153,No
PRV52158,Yes
PRV52164,No
PRV52172,No
PRV52183,No
PRV52190,No
PRV52194,No
PRV52198,No
PRV52203,No
PRV52207,No
PRV52210,No
PRV52215,No
PRV52223,No
PRV52234,No
PRV52239,No
PRV52243,No
PRV52244,No
PRV52245,No
PRV52250,No
PRV52258,No
PRV52259,No
PRV52268,No
PRV52269,No
PRV52270,No
PRV52277,No
PRV52287,No
PRV52297,Yes
PRV52301,No
PRV52305,No
PRV52316,No
PRV52322,Yes
PRV52324,No
PRV52327,No
PRV52329,Yes
PRV52330,No
PRV52333,Yes
PRV52338,No
PRV52339,No
PRV52345,No
PRV52360,No
PRV52363,No
PRV52364,No
PRV52368,No
PRV52370,No
PRV52375,No
PRV52376,No
PRV52379,No
PRV52382,Yes
PRV52388,No
PRV52413,No
PRV52424,Yes
PRV52426,No
PRV52428,Yes
PRV52429,No
PRV52430,No
PRV52438,Yes
PRV52442,No
PRV52444,No
PRV52447,No
PRV52465,Yes
PRV52475,Yes
PRV52477,Yes
PRV52479,No
PRV52481,No
PRV52489,No
PRV52496,Yes
PRV52498,Yes
PRV52505,No
PRV52516,Yes
PRV52522,No
PRV52524,No
PRV52534,No
PRV52538,No
PRV52546,No
PRV52550,No
PRV52569,No
PRV52585,No
PRV52594,No
PRV52595,No
PRV52597,No
PRV52600,No
PRV52601,No
PRV52603,No
PRV52612,No
PRV52613,No
PRV52618,No
PRV52619,No
PRV52620,No
PRV52624,No
PRV52625,No
PRV52632,No
PRV52635,No
PRV52637,No
PRV52650,No
PRV52655,No
PRV52664,Yes
PRV52675,No
PRV52680,No
PRV52682,No
PRV52685,No
PRV52705,No
PRV52707,No
PRV52712,No
PRV52716,No
PRV52718,No
PRV52730,No
PRV52734,No
PRV52735,No
PRV52737,No
PRV52749,No
PRV52759,Yes
PRV52762,No
PRV52765,No
PRV52776,No
PRV52779,No
PRV52780,No
PRV52802,No
PRV52805,No
PRV52809,No
PRV52811,No
PRV52812,No
PRV52817,No
PRV52819,No
PRV52834,No
PRV52840,No
PRV52852,No
PRV52854,Yes
PRV52856,No
PRV52866,No
PRV52867,No
PRV52871,No
PRV52874,No
PRV52883,No
PRV52885,No
PRV52888,No
PRV52894,No
PRV52900,No
PRV52906,No
PRV52908,No
PRV52909,No
PRV52915,No
PRV52923,No
PRV52927,Yes
PRV52939,No
PRV52946,No
PRV52947,No
PRV52959,No
PRV52960,No
PRV52965,No
PRV52967,No
PRV52968,Yes
PRV52969,No
PRV52973,No
PRV52974,No
PRV52975,No
PRV52977,No
PRV52983,No
PRV52984,No
PRV52987,No
PRV52992,Yes
PRV52994,No
PRV52995,No
PRV52997,Yes
PRV53003,No
PRV53006,No
PRV53010,No
PRV53011,No
PRV53012,No
PRV53022,Yes
PRV53023,No
PRV53030,No
PRV53039,No
PRV53041,No
PRV53046,No
PRV53051,No
PRV53053,No
PRV53058,No
PRV53060,No
PRV53068,No
PRV53080,No
PRV53082,Yes
PRV53088,Yes
PRV53089,No
PRV53092,No
PRV53093,Yes
PRV53094,Yes
PRV53097,No
PRV53098,No
PRV53105,No
PRV53112,No
PRV53115,No
PRV53118,No
PRV53130,No
PRV53132,No
PRV53146,No
PRV53152,No
PRV53155,Yes
PRV53160,No
PRV53165,No
PRV53170,Yes
PRV53181,No
PRV53184,No
PRV53185,No
PRV53190,No
PRV53193,No
PRV53195,Yes
PRV53199,No
PRV53200,No
PRV53209,No
PRV53219,Yes
PRV53231,No
PRV53234,No
PRV53241,No
PRV53250,Yes
PRV53263,No
PRV53264,No
PRV53267,No
PRV53270,No
PRV53271,No
PRV53273,No
PRV53275,No
PRV53278,No
PRV53285,No
PRV53286,No
PRV53287,No
PRV53299,No
PRV53302,Yes
PRV53311,No
PRV53316,Yes
PRV53322,No
PRV53324,No
PRV53327,No
PRV53328,No
PRV53330,No
PRV53332,No
PRV53333,No
PRV53338,No
PRV53345,No
PRV53348,No
PRV53366,No
PRV53367,No
PRV53368,No
PRV53372,Yes
PRV53395,Yes
PRV53400,No
PRV53404,No
PRV53406,No
PRV53410,No
PRV53414,No
PRV53418,No
PRV53420,No
PRV53422,No
PRV53425,No
PRV53430,No
PRV53434,No
PRV53458,No
PRV53459,Yes
PRV53464,No
PRV53466,No
PRV53468,No
PRV53481,Yes
PRV53488,No
PRV53493,No
PRV53497,No
PRV53500,No
PRV53505,No
PRV53508,No
PRV53512,No
PRV53514,No
PRV53518,No
PRV53528,No
PRV53529,No
PRV53537,Yes
PRV53538,No
PRV53541,No
PRV53542,No
PRV53543,Yes
PRV53546,No
PRV53552,No
PRV53557,No
PRV53567,No
PRV53575,No
PRV53576,No
PRV53579,Yes
PRV53580,No
PRV53583,No
PRV53592,No
PRV53603,No
PRV53610,No
PRV53615,No
PRV53630,No
PRV53636,No
PRV53637,No
PRV53639,Yes
PRV53650,Yes
PRV53653,Yes
PRV53687,No
PRV53691,No
PRV53693,No
PRV53707,No
PRV53711,No
PRV53736,No
PRV53737,No
PRV53738,No
PRV53739,No
PRV53742,No
PRV53744,No
PRV53747,No
PRV53748,Yes
PRV53753,No
PRV53758,No
PRV53760,No
PRV53777,No
PRV53778,No
PRV53789,No
PRV53795,No
PRV53800,No
PRV53803,No
PRV53804,No
PRV53809,No
PRV53810,No
PRV53811,No
PRV53813,No
PRV53822,No
PRV53823,No
PRV53825,No
PRV53826,No
PRV53830,No
PRV53833,No
PRV53834,No
PRV53847,No
PRV53852,No
PRV53853,No
PRV53854,No
PRV53856,No
PRV53858,No
PRV53863,No
PRV53866,No
PRV53869,No
PRV53870,No
PRV53881,No
PRV53882,No
PRV53883,No
PRV53886,No
PRV53890,No
PRV53893,No
PRV53897,No
PRV53898,No
PRV53902,No
PRV53903,No
PRV53904,No
PRV53914,No
PRV53929,No
PRV53930,No
PRV53936,Yes
PRV53948,No
PRV53953,No
PRV53954,No
PRV53955,No
PRV53962,No
PRV53976,No
PRV53984,No
PRV53987,No
PRV53998,No
PRV54003,No
PRV54010,No
PRV54015,No
PRV54018,No
PRV54022,No
PRV54032,No
PRV54035,No
PRV54042,No
PRV54047,No
PRV54067,No
PRV54069,No
PRV54079,No
PRV54087,No
PRV54088,No
PRV54094,No
PRV54095,No
PRV54097,No
PRV54100,No
PRV54104,No
PRV54105,No
PRV54108,No
PRV54126,No
PRV54137,No
PRV54138,No
PRV54143,No
PRV54147,No
PRV54151,No
PRV54152,No
PRV54161,No
PRV54165,No
PRV54169,No
PRV54170,No
PRV54174,No
PRV54189,No
PRV54190,No
PRV54195,No
PRV54211,No
PRV54214,No
PRV54218,No
PRV54221,Yes
PRV54229,No
PRV54234,No
PRV54236,No
PRV54241,No
PRV54243,No
PRV54248,No
PRV54249,No
PRV54260,No
PRV54264,No
PRV54268,No
PRV54272,No
PRV54277,No
PRV54279,No
PRV54281,No
PRV54286,No
PRV54292,No
PRV54314,No
PRV54318,No
PRV54321,No
PRV54322,No
PRV54329,No
PRV54331,No
PRV54338,No
PRV54346,No
PRV54351,No
PRV54364,No
PRV54366,No
PRV54369,No
PRV54376,No
PRV54385,No
PRV54386,No
PRV54394,No
PRV54395,No
PRV54397,No
PRV54398,No
PRV54405,Yes
PRV54406,No
PRV54417,No
PRV54418,No
PRV54428,No
PRV54440,No
PRV54445,No
PRV54446,No
PRV54447,No
PRV54453,No
PRV54458,No
PRV54464,No
PRV54470,No
PRV54474,No
PRV54476,No
PRV54484,No
PRV54485,No
PRV54487,No
PRV54488,No
PRV54492,No
PRV54493,No
PRV54494,No
PRV54495,No
PRV54512,No
PRV54513,No
PRV54516,No
PRV54518,No
PRV54525,No
PRV54527,No
PRV54532,No
PRV54533,No
PRV54534,No
PRV54556,No
PRV54570,No
PRV54583,No
PRV54584,No
PRV54586,No
PRV54592,No
PRV54594,No
PRV54600,No
PRV54605,No
PRV54607,No
PRV54613,No
PRV54617,No
PRV54626,No
PRV54631,No
PRV54632,No
PRV54641,No
PRV54647,No
PRV54648,No
PRV54650,No
PRV54654,No
PRV54655,No
PRV54659,No
PRV54663,No
PRV54665,No
PRV54669,No
PRV54698,No
PRV54700,No
PRV54702,No
PRV54706,No
PRV54709,No
PRV54719,No
PRV54721,No
PRV54722,No
PRV54729,No
PRV54731,No
PRV54732,No
PRV54733,No
PRV54736,No
PRV54738,No
PRV54740,No
PRV54744,No
PRV54746,No
PRV54749,No
PRV54750,Yes
PRV54751,Yes
PRV54752,No
PRV54754,Yes
PRV54755,No
PRV54762,No
PRV54766,Yes
PRV54769,Yes
PRV54770,No
PRV54775,No
PRV54777,No
PRV54782,No
PRV54788,No
PRV54791,No
PRV54797,No
PRV54801,No
PRV54804,No
PRV54807,No
PRV54811,No
PRV54815,Yes
PRV54816,No
PRV54823,No
PRV54825,No
PRV54826,No
PRV54835,No
PRV54839,No
PRV54843,No
PRV54844,No
PRV54850,No
PRV54851,No
PRV54853,No
PRV54857,No
PRV54858,No
PRV54872,No
PRV54874,No
PRV54880,No
PRV54884,No
PRV54897,No
PRV54899,No
PRV54912,No
PRV54913,No
PRV54915,No
PRV54920,No
PRV54921,No
PRV54922,No
PRV54928,No
PRV54940,No
PRV54948,No
PRV54951,No
PRV54956,No
PRV54957,No
PRV54958,No
PRV54961,No
PRV54962,Yes
PRV54964,No
PRV54969,No
PRV54974,No
PRV54979,No
PRV54980,No
PRV54984,No
PRV54987,Yes
PRV54989,Yes
PRV54994,No
PRV54996,No
PRV55008,No
PRV55009,No
PRV55014,No
PRV55015,No
PRV55017,No
PRV55020,No
PRV55021,No
PRV55025,Yes
PRV55033,No
PRV55046,No
PRV55047,No
PRV55055,No
PRV55060,No
PRV55065,No
PRV55066,No
PRV55075,No
PRV55082,No
PRV55084,No
PRV55090,No
PRV55100,No
PRV55101,No
PRV55102,No
PRV55105,No
PRV55107,No
PRV55109,No
PRV55113,No
PRV55115,No
PRV55119,No
PRV55125,No
PRV55127,No
PRV55139,No
PRV55142,No
PRV55153,No
PRV55159,No
PRV55162,No
PRV55170,No
PRV55174,No
PRV55186,No
PRV55190,No
PRV55199,No
PRV55201,No
PRV55204,No
PRV55212,No
PRV55217,No
PRV55221,No
PRV55222,Yes
PRV55223,No
PRV55228,No
PRV55241,No
PRV55245,Yes
PRV55249,No
PRV55251,Yes
PRV55253,Yes
PRV55280,No
PRV55282,No
PRV55284,Yes
PRV55287,No
PRV55288,Yes
PRV55290,Yes
PRV55294,No
PRV55301,No
PRV55303,No
PRV55308,Yes
PRV55310,Yes
PRV55311,No
PRV55315,No
PRV55317,No
PRV55321,No
PRV55327,Yes
PRV55328,No
PRV55332,No
PRV55334,No
PRV55336,Yes
PRV55346,No
PRV55347,Yes
PRV55349,No
PRV55367,No
PRV55369,No
PRV55370,No
PRV55373,No
PRV55380,No
PRV55389,No
PRV55391,No
PRV55393,No
PRV55394,No
PRV55403,Yes
PRV55406,No
PRV55407,Yes
PRV55415,No
PRV55420,No
PRV55421,Yes
PRV55422,Yes
PRV55429,No
PRV55440,No
PRV55457,No
PRV55461,No
PRV55466,No
PRV55476,No
PRV55478,No
PRV55484,No
PRV55485,Yes
PRV55488,No
PRV55502,No
PRV55504,No
PRV55517,No
PRV55524,Yes
PRV55526,No
PRV55529,No
PRV55532,No
PRV55533,No
PRV55542,No
PRV55544,No
PRV55545,No
PRV55546,No
PRV55553,No
PRV55559,No
PRV55568,No
PRV55594,No
PRV55597,No
PRV55605,No
PRV55611,No
PRV55616,No
PRV55628,No
PRV55629,No
PRV55630,No
PRV55636,No
PRV55643,No
PRV55645,No
PRV55647,No
PRV55651,No
PRV55669,No
PRV55672,No
PRV55681,No
PRV55685,No
PRV55686,No
PRV55693,No
PRV55694,No
PRV55696,No
PRV55698,No
PRV55708,No
PRV55713,No
PRV55718,No
PRV55722,No
PRV55725,No
PRV55730,No
PRV55738,No
PRV55746,Yes
PRV55747,No
PRV55756,Yes
PRV55757,No
PRV55758,No
PRV55773,No
PRV55781,No
PRV55784,No
PRV55799,No
PRV55823,No
PRV55824,No
PRV55825,No
PRV55827,Yes
PRV55829,Yes
PRV55838,No
PRV55840,No
PRV55841,No
PRV55844,No
PRV55845,No
PRV55853,No
PRV55857,No
PRV55860,Yes
PRV55861,No
PRV55878,No
PRV55888,No
PRV55889,Yes
PRV55890,No
PRV55894,Yes
PRV55899,No
PRV55922,No
PRV55923,No
PRV55924,No
PRV55932,Yes
PRV55947,No
PRV55949,No
PRV55952,No
PRV55954,No
PRV55960,No
PRV55961,No
PRV55962,No
PRV55967,No
PRV55973,No
PRV55975,No
PRV55976,No
PRV55979,No
PRV55987,No
PRV55988,No
PRV55992,No
PRV55994,No
PRV55998,Yes
PRV56000,No
PRV56009,No
PRV56022,No
PRV56024,Yes
PRV56035,No
PRV56042,Yes
PRV56043,Yes
PRV56053,No
PRV56059,No
PRV56061,No
PRV56064,No
PRV56069,No
PRV56070,No
PRV56074,No
PRV56079,No
PRV56081,No
PRV56082,No
PRV56085,No
PRV56096,No
PRV56097,No
PRV56100,No
PRV56107,No
PRV56110,No
PRV56112,No
PRV56127,No
PRV56128,No
PRV56132,No
PRV56144,No
PRV56150,No
PRV56155,No
PRV56160,No
PRV56162,No
PRV56167,No
PRV56175,No
PRV56178,No
PRV56180,No
PRV56188,No
PRV56192,No
PRV56195,No
PRV56197,No
PRV56203,No
PRV56204,No
PRV56205,No
PRV56215,No
PRV56223,No
PRV56226,No
PRV56230,No
PRV56240,No
PRV56244,No
PRV56246,No
PRV56250,No
PRV56254,No
PRV56273,No
PRV56292,No
PRV56294,No
PRV56296,No
PRV56298,No
PRV56312,No
PRV56315,No
PRV56320,No
PRV56323,Yes
PRV56325,No
PRV56326,No
PRV56327,No
PRV56332,No
PRV56343,No
PRV56356,No
PRV56359,No
PRV56365,No
PRV56371,No
PRV56372,No
PRV56382,No
PRV56383,No
PRV56386,No
PRV56399,Yes
PRV56402,No
PRV56409,No
PRV56419,No
PRV56420,No
PRV56422,No
PRV56424,No
PRV56429,No
PRV56431,No
PRV56434,No
PRV56436,No
PRV56443,No
PRV56446,No
PRV56450,No
PRV56457,No
PRV56459,No
PRV56460,No
PRV56462,No
PRV56465,No
PRV56472,No
PRV56488,No
PRV56491,No
PRV56492,No
PRV56493,No
PRV56499,No
PRV56503,No
PRV56505,No
PRV56506,No
PRV56513,No
PRV56516,No
PRV56520,No
PRV56532,No
PRV56534,No
PRV56542,No
PRV56558,No
PRV56561,No
PRV56564,No
PRV56565,No
PRV56567,No
PRV56569,No
PRV56573,No
PRV56599,No
PRV56600,No
PRV56609,No
PRV56612,No
PRV56617,No
PRV56619,Yes
PRV56620,No
PRV56623,No
PRV56627,No
PRV56629,No
PRV56631,No
PRV56636,No
PRV56644,No
PRV56646,No
PRV56650,No
PRV56652,Yes
PRV56661,No
PRV56665,No
PRV56666,No
PRV56670,No
PRV56676,Yes
PRV56678,No
PRV56690,No
PRV56692,No
PRV56695,No
PRV56698,No
PRV56704,No
PRV56709,No
PRV56714,No
PRV56727,No
PRV56736,No
PRV56737,No
PRV56744,No
PRV56756,No
PRV56757,No
PRV56770,No
PRV56776,Yes
PRV56779,No
PRV56781,Yes
PRV56785,Yes
PRV56786,No
PRV56787,No
PRV56794,No
PRV56795,No
PRV56799,No
PRV56804,No
PRV56806,No
PRV56812,No
PRV56814,No
PRV56815,No
PRV56817,No
PRV56822,Yes
PRV56825,No
PRV56827,No
PRV56838,No
PRV56841,Yes
PRV56842,Yes
PRV56844,No
PRV56847,No
PRV56848,No
PRV56849,No
PRV56859,No
PRV56865,No
PRV56872,No
PRV56874,No
PRV56875,No
PRV56876,No
PRV56883,No
PRV56898,No
PRV56899,No
PRV56911,No
PRV56913,No
PRV56921,Yes
PRV56922,No
PRV56924,No
PRV56925,No
PRV56927,No
PRV56936,No
PRV56940,No
PRV56943,No
PRV56952,No
PRV56955,No
PRV56959,No
PRV56961,No
PRV56962,No
PRV56968,No
PRV56975,No
PRV56979,No
PRV56983,No
PRV56994,No
PRV57001,No
PRV57003,No
PRV57007,No
PRV57008,No
PRV57009,No
PRV57012,No
PRV57019,No
PRV57022,No
PRV57026,No
PRV57027,No
PRV57028,No
PRV57029,No
PRV57032,No
PRV57035,No
PRV57037,No
PRV57040,No
PRV57042,No
PRV57044,No
PRV57045,No
PRV57050,No
PRV57055,No
PRV57060,No
PRV57064,No
PRV57065,No
PRV57066,No
PRV57068,No
PRV57070,No
PRV57071,No
PRV57079,No
PRV57083,No
PRV57090,No
PRV57095,Yes
PRV57106,No
PRV57111,No
PRV57114,No
PRV57123,No
PRV57135,No
PRV57155,No
PRV57163,No
PRV57164,No
PRV57178,No
PRV57180,Yes
PRV57195,No
PRV57201,No
PRV57214,No
PRV57220,No
PRV57221,No
PRV57222,No
PRV57226,No
PRV57229,No
PRV57237,No
PRV57243,No
PRV57249,No
PRV57254,No
PRV57258,No
PRV57260,No
PRV57267,No
PRV57268,No
PRV57271,Yes
PRV57279,No
PRV57281,No
PRV57292,No
PRV57296,No
PRV57300,Yes
PRV57323,No
PRV57337,No
PRV57338,No
PRV57342,No
PRV57349,No
PRV57353,No
PRV57360,No
PRV57362,No
PRV57370,No
PRV57377,No
PRV57383,No
PRV57384,No
PRV57387,No
PRV57395,No
PRV57418,No
PRV57420,No
PRV57428,No
PRV57430,No
PRV57439,No
PRV57442,No
PRV57451,No
PRV57457,Yes
PRV57458,No
PRV57466,No
PRV57478,No
PRV57480,No
PRV57482,No
PRV57483,No
PRV57493,No
PRV57494,No
PRV57497,Yes
PRV57498,No
PRV57503,No
PRV57505,No
PRV57506,No
PRV57508,No
PRV57511,No
PRV57513,No
PRV57524,No
PRV57535,No
PRV57537,No
PRV57538,No
PRV57554,No
PRV57556,No
PRV57559,No
PRV57562,No
PRV57566,No
PRV57579,No
PRV57582,No
PRV57587,No
PRV57589,No
PRV57591,No
PRV57604,No
PRV57606,No
PRV57607,No
PRV57608,No
PRV57620,No
PRV57621,No
PRV57622,No
PRV57628,No
PRV57637,No
PRV57644,No
PRV57648,No
PRV57649,No
PRV57656,No
PRV57661,No
PRV57664,No
PRV57665,No
PRV57666,No
PRV57681,No
PRV57685,No
PRV57695,No
PRV57698,No
PRV57703,No
PRV57708,No
PRV57713,No
PRV57726,No
PRV57745,No
PRV57749,No
PRV57750,No